<?xml version="1.0" encoding="utf-8"?>
<odoo>
    <data noupdate="1">

        <record id="slide_slide_odoo_12_development_82" model="slide.slide">
            <field name="name">Logout Session, Updating Existing Record And Handle Multi Database</field>
            <field name="sequence">82</field>
            <field name="url">https://www.youtube.com/watch?v=tvFipPneLpo</field>
            <field name="slide_type">video</field>
            <field name="channel_id" ref="om_hospital.slide_odoo_12_development"/>
            <field name="is_published" eval="True"/>
            <field name="is_preview" eval="True"/>
            <field name="completion_time">1</field>
        </record>

        <record id="slide_slide_odoo_12_development_83" model="slide.slide">
            <field name="name">Install and Uninstall Module From Settings</field>
            <field name="sequence">83</field>
            <field name="url">https://www.youtube.com/watch?v=-6KncTZIiX0</field>
            <field name="slide_type">video</field>
            <field name="channel_id" ref="om_hospital.slide_odoo_12_development"/>
            <field name="is_published" eval="True"/>
            <field name="is_preview" eval="True"/>
            <field name="completion_time">1</field>
        </record>

        <record id="slide_slide_odoo_12_development_84" model="slide.slide">
            <field name="name">Inherit Existing Controller in Odoo - Part 1</field>
            <field name="sequence">84</field>
            <field name="url">https://www.youtube.com/watch?v=htVBViZl45Q</field>
            <field name="slide_type">video</field>
            <field name="channel_id" ref="om_hospital.slide_odoo_12_development"/>
            <field name="is_published" eval="True"/>
            <field name="is_preview" eval="True"/>
            <field name="completion_time">1</field>
        </record>

        <record id="slide_slide_odoo_12_development_85" model="slide.slide">
            <field name="name">Remove Sum of Total in Groupby in Tree View </field>
            <field name="sequence">85</field>
            <field name="url">https://www.youtube.com/watch?v=wUwnNFeZ35M</field>
            <field name="slide_type">video</field>
            <field name="channel_id" ref="om_hospital.slide_odoo_12_development"/>
            <field name="is_published" eval="True"/>
            <field name="is_preview" eval="True"/>
            <field name="completion_time">1</field>
        </record>

        <record id="slide_slide_odoo_12_development_86" model="slide.slide">
            <field name="name">nherit Existing Actions</field>
            <field name="sequence">86</field>
            <field name="url">https://www.youtube.com/watch?v=8aGOHkee7i4</field>
            <field name="slide_type">video</field>
            <field name="channel_id" ref="om_hospital.slide_odoo_12_development"/>
            <field name="is_published" eval="True"/>
            <field name="is_preview" eval="True"/>
            <field name="completion_time">1</field>
        </record>

        <record id="slide_slide_odoo_12_development_87" model="slide.slide">
            <field name="name">Increase Column Width of Excel Report</field>
            <field name="sequence">87</field>
            <field name="url">https://www.youtube.com/watch?v=0xonmFWgDwU</field>
            <field name="slide_type">video</field>
            <field name="channel_id" ref="om_hospital.slide_odoo_12_development"/>
            <field name="is_published" eval="True"/>
            <field name="is_preview" eval="True"/>
            <field name="completion_time">1</field>
        </record>

        <record id="slide_slide_odoo_12_development_88" model="slide.slide">
            <field name="name">Debug Odoo Using Pycharm Debugger</field>
            <field name="sequence">88</field>
            <field name="url">https://www.youtube.com/watch?v=r4VWfuD0rDA</field>
            <field name="slide_type">video</field>
            <field name="channel_id" ref="om_hospital.slide_odoo_12_development"/>
            <field name="is_published" eval="True"/>
            <field name="is_preview" eval="True"/>
            <field name="completion_time">1</field>
        </record>

        <record id="slide_slide_odoo_12_development_89" model="slide.slide">
            <field name="name">Create Kanban View</field>
            <field name="sequence">89</field>
            <field name="url">https://www.youtube.com/watch?v=ck0eLRH2KXo</field>
            <field name="slide_type">video</field>
            <field name="channel_id" ref="om_hospital.slide_odoo_12_development"/>
            <field name="is_published" eval="True"/>
            <field name="is_preview" eval="True"/>
            <field name="completion_time">1</field>
        </record>

        <record id="slide_slide_odoo_12_development_90" model="slide.slide">
            <field name="name">Add Drag and Drop Functionality In Kanban View</field>
            <field name="sequence">90</field>
            <field name="url">https://www.youtube.com/watch?v=cMEUioyQA3Y</field>
            <field name="slide_type">video</field>
            <field name="channel_id" ref="om_hospital.slide_odoo_12_development"/>
            <field name="is_published" eval="True"/>
            <field name="is_preview" eval="True"/>
            <field name="completion_time">1</field>
        </record>

        <record id="slide_slide_odoo_12_development_91" model="slide.slide">
            <field name="name">Inherit and add New Value To Selection Field</field>
            <field name="sequence">91</field>
            <field name="url">https://www.youtube.com/watch?v=4tlfzy-ZtMQ</field>
            <field name="slide_type">video</field>
            <field name="channel_id" ref="om_hospital.slide_odoo_12_development"/>
            <field name="is_published" eval="True"/>
            <field name="is_preview" eval="True"/>
            <field name="completion_time">1</field>
        </record>

        <record id="slide_slide_odoo_12_development_92" model="slide.slide">
            <field name="name">Create Calendar View</field>
            <field name="sequence">92</field>
            <field name="url">https://www.youtube.com/watch?v=frn-UTG_HYQ</field>
            <field name="slide_type">video</field>
            <field name="channel_id" ref="om_hospital.slide_odoo_12_development"/>
            <field name="is_published" eval="True"/>
            <field name="is_preview" eval="True"/>
            <field name="completion_time">1</field>
        </record>

        <record id="slide_slide_odoo_12_development_93" model="slide.slide">
            <field name="name">Inherit Menu Item And Make Changes</field>
            <field name="sequence">93</field>
            <field name="url">https://www.youtube.com/watch?v=c0XMKgGS4bY</field>
            <field name="slide_type">video</field>
            <field name="channel_id" ref="om_hospital.slide_odoo_12_development"/>
            <field name="is_published" eval="True"/>
            <field name="is_preview" eval="True"/>
            <field name="completion_time">1</field>
        </record>

        <record id="slide_slide_odoo_12_development_94" model="slide.slide">
            <field name="name">Print PDF Report In Landscape Mode From Code</field>
            <field name="sequence">94</field>
            <field name="url">https://www.youtube.com/watch?v=k5edcLqN-CI</field>
            <field name="slide_type">video</field>
            <field name="channel_id" ref="om_hospital.slide_odoo_12_development"/>
            <field name="is_published" eval="True"/>
            <field name="is_preview" eval="True"/>
            <field name="completion_time">1</field>
        </record>

        <record id="slide_slide_odoo_12_development_95" model="slide.slide">
            <field name="name">Give Color For The Tree View</field>
            <field name="sequence">95</field>
            <field name="url">https://www.youtube.com/watch?v=8YX-3nJAAvg</field>
            <field name="slide_type">video</field>
            <field name="channel_id" ref="om_hospital.slide_odoo_12_development"/>
            <field name="is_published" eval="True"/>
            <field name="is_preview" eval="True"/>
            <field name="completion_time">1</field>
        </record>

        <record id="slide_slide_odoo_12_development_96" model="slide.slide">
            <field name="name">Save Many2many Field Value In Settings</field>
            <field name="sequence">96</field>
            <field name="url">https://www.youtube.com/watch?v=-n7Ttx1Czdw</field>
            <field name="slide_type">video</field>
            <field name="channel_id" ref="om_hospital.slide_odoo_12_development"/>
            <field name="is_published" eval="True"/>
            <field name="is_preview" eval="True"/>
            <field name="completion_time">1</field>
        </record>

        <record id="slide_slide_odoo_12_development_97" model="slide.slide">
            <field name="name">Disable Selection Of Particular Days From Odoo DatePicker</field>
            <field name="sequence">97</field>
            <field name="url">https://www.youtube.com/watch?v=xtAxhz07_nY</field>
            <field name="slide_type">video</field>
            <field name="channel_id" ref="om_hospital.slide_odoo_12_development"/>
            <field name="is_published" eval="True"/>
            <field name="is_preview" eval="True"/>
            <field name="completion_time">1</field>
        </record>

        <record id="slide_slide_odoo_12_development_98" model="slide.slide">
            <field name="name">Open Form View In Edit Mode From Python Code</field>
            <field name="sequence">98</field>
            <field name="url">https://www.youtube.com/watch?v=Am-QJab4klY</field>
            <field name="slide_type">video</field>
            <field name="channel_id" ref="om_hospital.slide_odoo_12_development"/>
            <field name="is_published" eval="True"/>
            <field name="is_preview" eval="True"/>
            <field name="completion_time">1</field>
        </record>

        <record id="slide_slide_odoo_12_development_99" model="slide.slide">
            <field name="name">Replace Input Field By Button Using Widget Float Toggle</field>
            <field name="sequence">99</field>
            <field name="url">https://www.youtube.com/watch?v=B0RXS5i0zUI</field>
            <field name="slide_type">video</field>
            <field name="channel_id" ref="om_hospital.slide_odoo_12_development"/>
            <field name="is_published" eval="True"/>
            <field name="is_preview" eval="True"/>
            <field name="completion_time">1</field>
        </record>

        <record id="slide_slide_odoo_12_development_100" model="slide.slide">
            <field name="name">Delete A Record From XML Code</field>
            <field name="sequence">100</field>
            <field name="url">https://www.youtube.com/watch?v=CYN1zd_6JCA</field>
            <field name="slide_type">video</field>
            <field name="channel_id" ref="om_hospital.slide_odoo_12_development"/>
            <field name="is_published" eval="True"/>
            <field name="is_preview" eval="True"/>
            <field name="completion_time">1</field>
        </record>

        <record id="slide_slide_odoo_12_development_101" model="slide.slide">
            <field name="name">Hide Buttons and Field Based On States</field>
            <field name="sequence">101</field>
            <field name="url">https://www.youtube.com/watch?v=0lKEI1OSMqI</field>
            <field name="slide_type">video</field>
            <field name="channel_id" ref="om_hospital.slide_odoo_12_development"/>
            <field name="is_published" eval="True"/>
            <field name="is_preview" eval="True"/>
            <field name="completion_time">1</field>
        </record>

        <record id="slide_slide_odoo_12_development_102" model="slide.slide">
            <field name="name">Hide Fields Based on Conditions</field>
            <field name="sequence">102</field>
            <field name="url">https://www.youtube.com/watch?v=IXcrxXmedwM</field>
            <field name="slide_type">video</field>
            <field name="channel_id" ref="om_hospital.slide_odoo_12_development"/>
            <field name="is_published" eval="True"/>
            <field name="is_preview" eval="True"/>
            <field name="completion_time">1</field>
        </record>

        <record id="slide_slide_odoo_12_development_103" model="slide.slide">
            <field name="name">Create Graph View In Odoo</field>
            <field name="sequence">103</field>
            <field name="url">https://www.youtube.com/watch?v=owH_fXERnx4</field>
            <field name="slide_type">video</field>
            <field name="channel_id" ref="om_hospital.slide_odoo_12_development"/>
            <field name="is_published" eval="True"/>
            <field name="is_preview" eval="True"/>
            <field name="completion_time">1</field>
        </record>

        <record id="slide_slide_odoo_12_development_104" model="slide.slide">
            <field name="name">Create Pivot View</field>
            <field name="sequence">104</field>
            <field name="url">https://www.youtube.com/watch?v=XTzLKzd9i5s</field>
            <field name="slide_type">video</field>
            <field name="channel_id" ref="om_hospital.slide_odoo_12_development"/>
            <field name="is_published" eval="True"/>
            <field name="is_preview" eval="True"/>
            <field name="completion_time">1</field>
        </record>

        <record id="slide_slide_odoo_12_development_105" model="slide.slide">
            <field name="name">Create a Dashboard</field>
            <field name="sequence">105</field>
            <field name="url">https://www.youtube.com/watch?v=kfffu4Uzo10</field>
            <field name="slide_type">video</field>
            <field name="channel_id" ref="om_hospital.slide_odoo_12_development"/>
            <field name="is_published" eval="True"/>
            <field name="is_preview" eval="True"/>
            <field name="completion_time">1</field>
        </record>

        <record id="slide_slide_odoo_12_development_106" model="slide.slide">
            <field name="name">Get XML Changes Without Upgrading The Module</field>
            <field name="sequence">106</field>
            <field name="url">https://www.youtube.com/watch?v=ZoofkhL0ph4</field>
            <field name="slide_type">video</field>
            <field name="channel_id" ref="om_hospital.slide_odoo_12_development"/>
            <field name="is_published" eval="True"/>
            <field name="is_preview" eval="True"/>
            <field name="completion_time">1</field>
        </record>

        <record id="slide_slide_odoo_12_development_107" model="slide.slide">
            <field name="name">Create TimeLine/Gantt View</field>
            <field name="sequence">107</field>
            <field name="url">https://www.youtube.com/watch?v=f8P7lLIG_sA</field>
            <field name="slide_type">video</field>
            <field name="channel_id" ref="om_hospital.slide_odoo_12_development"/>
            <field name="is_published" eval="True"/>
            <field name="is_preview" eval="True"/>
            <field name="completion_time">1</field>
        </record>

        <record id="slide_slide_odoo_12_development_108" model="slide.slide">
            <field name="name">Use PercentPie ProgressBar And Gauge Widget</field>
            <field name="sequence">108</field>
            <field name="url">https://www.youtube.com/watch?v=FnEgFnUjl_4</field>
            <field name="slide_type">video</field>
            <field name="channel_id" ref="om_hospital.slide_odoo_12_development"/>
            <field name="is_published" eval="True"/>
            <field name="is_preview" eval="True"/>
            <field name="completion_time">1</field>
        </record>

        <record id="slide_slide_odoo_12_development_109" model="slide.slide">
            <field name="name">Run Multiple Odoo Instances in Different Ports of Same Machine</field>
            <field name="sequence">109</field>
            <field name="url">https://www.youtube.com/watch?v=l4jpz_bDI0Q</field>
            <field name="slide_type">video</field>
            <field name="channel_id" ref="om_hospital.slide_odoo_12_development"/>
            <field name="is_published" eval="True"/>
            <field name="is_preview" eval="True"/>
            <field name="completion_time">1</field>
        </record>

        <record id="slide_slide_odoo_12_development_110" model="slide.slide">
            <field name="name">SearchPanel In Odoo12 Kanban View</field>
            <field name="sequence">110</field>
            <field name="url">https://www.youtube.com/watch?v=K2PapRudIQs</field>
            <field name="slide_type">video</field>
            <field name="channel_id" ref="om_hospital.slide_odoo_12_development"/>
            <field name="is_published" eval="True"/>
            <field name="is_preview" eval="True"/>
            <field name="completion_time">1</field>
        </record>

        <record id="slide_slide_odoo_12_development_111" model="slide.slide">
            <field name="name">Show RainBow Man Effect</field>
            <field name="sequence">111</field>
            <field name="url">https://www.youtube.com/watch?v=p72OfoRAOZM</field>
            <field name="slide_type">video</field>
            <field name="channel_id" ref="om_hospital.slide_odoo_12_development"/>
            <field name="is_published" eval="True"/>
            <field name="is_preview" eval="True"/>
            <field name="completion_time">1</field>
        </record>

        <record id="slide_slide_odoo_12_development_112" model="slide.slide">
            <field name="name">Use Of Banner Route</field>
            <field name="sequence">112</field>
            <field name="url">https://www.youtube.com/watch?v=Suyekbyj1cs</field>
            <field name="slide_type">video</field>
            <field name="channel_id" ref="om_hospital.slide_odoo_12_development"/>
            <field name="is_published" eval="True"/>
            <field name="is_preview" eval="True"/>
            <field name="completion_time">1</field>
        </record>

        <record id="slide_slide_odoo_12_development_113" model="slide.slide">
            <field name="name">Send Web Notification For Users</field>
            <field name="sequence">113</field>
            <field name="url">https://www.youtube.com/watch?v=isPIUn5ii6g</field>
            <field name="slide_type">video</field>
            <field name="channel_id" ref="om_hospital.slide_odoo_12_development"/>
            <field name="is_published" eval="True"/>
            <field name="is_preview" eval="True"/>
            <field name="completion_time">1</field>
        </record>

        <record id="slide_slide_odoo_12_development_114" model="slide.slide">
            <field name="name">Configuring Multiple Odoo Instance - Odoo Log Files</field>
            <field name="sequence">114</field>
            <field name="url">https://www.youtube.com/watch?v=qmmEftBWAAg</field>
            <field name="slide_type">video</field>
            <field name="channel_id" ref="om_hospital.slide_odoo_12_development"/>
            <field name="is_published" eval="True"/>
            <field name="is_preview" eval="True"/>
            <field name="completion_time">1</field>
        </record>

        <record id="slide_slide_odoo_12_development_115" model="slide.slide">
            <field name="name">Print Excel Report In Button Click</field>
            <field name="sequence">115</field>
            <field name="url">https://www.youtube.com/watch?v=MpzlUGN-aAc</field>
            <field name="slide_type">video</field>
            <field name="channel_id" ref="om_hospital.slide_odoo_12_development"/>
            <field name="is_published" eval="True"/>
            <field name="is_preview" eval="True"/>
            <field name="completion_time">1</field>
        </record>

        <record id="slide_slide_odoo_12_development_116" model="slide.slide">
            <field name="name">Override Existing Function</field>
            <field name="sequence">116</field>
            <field name="url">https://www.youtube.com/watch?v=UeMREPyUcRM</field>
            <field name="slide_type">video</field>
            <field name="channel_id" ref="om_hospital.slide_odoo_12_development"/>
            <field name="is_published" eval="True"/>
            <field name="is_preview" eval="True"/>
            <field name="completion_time">1</field>
        </record>

        <record id="slide_slide_odoo_12_development_117" model="slide.slide">
            <field name="name">Use Of Widget Handle</field>
            <field name="sequence">117</field>
            <field name="url">https://www.youtube.com/watch?v=q6LBEbDd9lg</field>
            <field name="slide_type">video</field>
            <field name="channel_id" ref="om_hospital.slide_odoo_12_development"/>
            <field name="is_published" eval="True"/>
            <field name="is_preview" eval="True"/>
            <field name="completion_time">1</field>
        </record>

        <record id="slide_slide_odoo_12_development_118" model="slide.slide">
            <field name="name">Remove Quick Create Option From Odoo Calendar</field>
            <field name="sequence">118</field>
            <field name="url">https://www.youtube.com/watch?v=uGLQ6-rhEjg</field>
            <field name="slide_type">video</field>
            <field name="channel_id" ref="om_hospital.slide_odoo_12_development"/>
            <field name="is_published" eval="True"/>
            <field name="is_preview" eval="True"/>
            <field name="completion_time">1</field>
        </record>

        <record id="slide_slide_odoo_12_development_119" model="slide.slide">
            <field name="name">Odoo ORM: RecordSet Operations - Sorted, Filtered and Mapped</field>
            <field name="sequence">119</field>
            <field name="url">https://www.youtube.com/watch?v=STKq2owQGII</field>
            <field name="slide_type">video</field>
            <field name="channel_id" ref="om_hospital.slide_odoo_12_development"/>
            <field name="is_published" eval="True"/>
            <field name="is_preview" eval="True"/>
            <field name="completion_time">1</field>
        </record>

        <record id="slide_slide_odoo_12_development_120" model="slide.slide">
            <field name="name">Print Excel Report in RTL Format</field>
            <field name="sequence">120</field>
            <field name="url">https://www.youtube.com/watch?v=CVKkUqRCCZY</field>
            <field name="slide_type">video</field>
            <field name="channel_id" ref="om_hospital.slide_odoo_12_development"/>
            <field name="is_published" eval="True"/>
            <field name="is_preview" eval="True"/>
            <field name="completion_time">1</field>
        </record>

        <record id="slide_slide_odoo_12_development_121" model="slide.slide">
            <field name="name">Call Python Function From Menu Item</field>
            <field name="sequence">121</field>
            <field name="url">https://www.youtube.com/watch?v=17wvsFqS3D4</field>
            <field name="slide_type">video</field>
            <field name="channel_id" ref="om_hospital.slide_odoo_12_development"/>
            <field name="is_published" eval="True"/>
            <field name="is_preview" eval="True"/>
            <field name="completion_time">1</field>
        </record>


        <record id="slide_slide_odoo_12_development_122" model="slide.slide">
            <field name="name">Inherit And Change Existing Field Properties</field>
            <field name="sequence">122</field>
            <field name="url">https://www.youtube.com/watch?v=ZrCN3L0oAKE</field>
            <field name="slide_type">video</field>
            <field name="channel_id" ref="om_hospital.slide_odoo_12_development"/>
            <field name="is_published" eval="True"/>
            <field name="is_preview" eval="True"/>
            <field name="completion_time">1</field>
        </record>

        <record id="slide_slide_odoo_12_development_123" model="slide.slide">
            <field name="name">Add Translations For Module</field>
            <field name="sequence">123</field>
            <field name="url">https://www.youtube.com/watch?v=ZRpmM8lDn-w</field>
            <field name="slide_type">video</field>
            <field name="channel_id" ref="om_hospital.slide_odoo_12_development"/>
            <field name="is_published" eval="True"/>
            <field name="is_preview" eval="True"/>
            <field name="completion_time">1</field>
        </record>

        <record id="slide_slide_odoo_12_development_124" model="slide.slide">
            <field name="name">Odoo XMLRPC : Connect Odoo With External Applications</field>
            <field name="sequence">124</field>
            <field name="url">https://www.youtube.com/watch?v=isjhwKAL63M</field>
            <field name="slide_type">video</field>
            <field name="channel_id" ref="om_hospital.slide_odoo_12_development"/>
            <field name="is_published" eval="True"/>
            <field name="is_preview" eval="True"/>
            <field name="completion_time">1</field>
        </record>

        <record id="slide_slide_odoo_12_development_125" model="slide.slide">
            <field name="name">How To Update One2many Field From OnChange Of Field</field>
            <field name="sequence">125</field>
            <field name="url">https://www.youtube.com/watch?v=LE7E2O4lBrQ</field>
            <field name="slide_type">video</field>
            <field name="channel_id" ref="om_hospital.slide_odoo_12_development"/>
            <field name="is_published" eval="True"/>
            <field name="is_preview" eval="True"/>
            <field name="completion_time">1</field>
        </record>

        <record id="slide_slide_odoo_12_development_126" model="slide.slide">
            <field name="name">Odoo Debugging Using Python PDB package</field>
            <field name="sequence">126</field>
            <field name="url">https://www.youtube.com/watch?v=aBP1K0kiC5E</field>
            <field name="slide_type">video</field>
            <field name="channel_id" ref="om_hospital.slide_odoo_12_development"/>
            <field name="is_published" eval="True"/>
            <field name="is_preview" eval="True"/>
            <field name="completion_time">1</field>
        </record>

        <record id="slide_slide_odoo_12_development_127" model="slide.slide">
            <field name="name">Odoo Web Service: Write And Delete Odoo Records Using XMLRPC</field>
            <field name="sequence">127</field>
            <field name="url">https://www.youtube.com/watch?v=YY-W8hu8Rbw</field>
            <field name="slide_type">video</field>
            <field name="channel_id" ref="om_hospital.slide_odoo_12_development"/>
            <field name="is_published" eval="True"/>
            <field name="is_preview" eval="True"/>
            <field name="completion_time">1</field>
        </record>

        <record id="slide_slide_odoo_12_development_128" model="slide.slide">
            <field name="name">Create Website Form And Record Data Into Backend Model</field>
            <field name="sequence">128</field>
            <field name="url">https://www.youtube.com/watch?v=KBVwHkUSnuI</field>
            <field name="slide_type">video</field>
            <field name="channel_id" ref="om_hospital.slide_odoo_12_development"/>
            <field name="is_published" eval="True"/>
            <field name="is_preview" eval="True"/>
            <field name="completion_time">1</field>
        </record>

        <record id="slide_slide_odoo_12_development_129" model="slide.slide">
            <field name="name">Load Default Values For One2many Fields</field>
            <field name="sequence">129</field>
            <field name="url">https://www.youtube.com/watch?v=BSL4iOHZ-Rc</field>
            <field name="slide_type">video</field>
            <field name="channel_id" ref="om_hospital.slide_odoo_12_development"/>
            <field name="is_published" eval="True"/>
            <field name="is_preview" eval="True"/>
            <field name="completion_time">1</field>
        </record>

        <record id="slide_slide_odoo_12_development_130" model="slide.slide">
            <field name="name">Transfer Data Between Databases Using XMLRPC</field>
            <field name="sequence">130</field>
            <field name="url">https://www.youtube.com/watch?v=brlgfZkR-LM</field>
            <field name="slide_type">video</field>
            <field name="channel_id" ref="om_hospital.slide_odoo_12_development"/>
            <field name="is_published" eval="True"/>
            <field name="is_preview" eval="True"/>
            <field name="completion_time">1</field>
        </record>

        <record id="slide_slide_odoo_12_development_131" model="slide.slide">
            <field name="name">Create Many2many Field</field>
            <field name="sequence">131</field>
            <field name="url">https://www.youtube.com/watch?v=i5gMQke4-Pk</field>
            <field name="slide_type">video</field>
            <field name="channel_id" ref="om_hospital.slide_odoo_12_development"/>
            <field name="is_published" eval="True"/>
            <field name="is_preview" eval="True"/>
            <field name="completion_time">1</field>
        </record>

        <record id="slide_slide_odoo_12_development_132" model="slide.slide">
            <field name="name">Creating GitHub Repository and Introduction to Git Commands</field>
            <field name="sequence">132</field>
            <field name="url">https://www.youtube.com/watch?v=VG9xhrJ0How</field>
            <field name="slide_type">video</field>
            <field name="channel_id" ref="om_hospital.slide_odoo_12_development"/>
            <field name="is_published" eval="True"/>
            <field name="is_preview" eval="True"/>
            <field name="completion_time">1</field>
        </record>

        <record id="slide_slide_odoo_12_development_133" model="slide.slide">
            <field name="name">Inherit And Make Changes Inside Existing Search Views</field>
            <field name="sequence">133</field>
            <field name="url">https://www.youtube.com/watch?v=Ru6mS2ds-EA</field>
            <field name="slide_type">video</field>
            <field name="channel_id" ref="om_hospital.slide_odoo_12_development"/>
            <field name="is_published" eval="True"/>
            <field name="is_preview" eval="True"/>
            <field name="completion_time">1</field>
        </record>

        <record id="slide_slide_odoo_12_development_134" model="slide.slide">
            <field name="name">Dynamic Selection Field In Odoo Website Form</field>
            <field name="sequence">134</field>
            <field name="url">https://www.youtube.com/watch?v=-fCSsNxGYjk</field>
            <field name="slide_type">video</field>
            <field name="channel_id" ref="om_hospital.slide_odoo_12_development"/>
            <field name="is_published" eval="True"/>
            <field name="is_preview" eval="True"/>
            <field name="completion_time">1</field>
        </record>

        <record id="slide_slide_odoo_12_development_135" model="slide.slide">
            <field name="name">Inherit And Add Buttons To Existing Views</field>
            <field name="sequence">135</field>
            <field name="url">https://www.youtube.com/watch?v=TlLcM1I2trA</field>
            <field name="slide_type">video</field>
            <field name="channel_id" ref="om_hospital.slide_odoo_12_development"/>
            <field name="is_published" eval="True"/>
            <field name="is_preview" eval="True"/>
            <field name="completion_time">1</field>
        </record>

        <record id="slide_slide_odoo_12_development_136" model="slide.slide">
            <field name="name">Make Many2one Field Clickable In Odoo Tree View</field>
            <field name="sequence">136</field>
            <field name="url">https://www.youtube.com/watch?v=GYn1J80xZh8</field>
            <field name="slide_type">video</field>
            <field name="channel_id" ref="om_hospital.slide_odoo_12_development"/>
            <field name="is_published" eval="True"/>
            <field name="is_preview" eval="True"/>
            <field name="completion_time">1</field>
        </record>

        <record id="slide_slide_odoo_12_development_137" model="slide.slide">
            <field name="name">Inherit And Add New Page To Existing Notebook</field>
            <field name="sequence">137</field>
            <field name="url">https://www.youtube.com/watch?v=pDL_AjLaSA8</field>
            <field name="slide_type">video</field>
            <field name="channel_id" ref="om_hospital.slide_odoo_12_development"/>
            <field name="is_published" eval="True"/>
            <field name="is_preview" eval="True"/>
            <field name="completion_time">1</field>
        </record>

        <record id="slide_slide_odoo_12_development_138" model="slide.slide">
            <field name="name">Multi Company Guidelines In Odoo - Working With Multi Company in Odoo</field>
            <field name="sequence">138</field>
            <field name="url">https://www.youtube.com/watch?v=Qf41IspTwwk</field>
            <field name="slide_type">video</field>
            <field name="channel_id" ref="om_hospital.slide_odoo_12_development"/>
            <field name="is_published" eval="True"/>
            <field name="is_preview" eval="True"/>
            <field name="completion_time">1</field>
        </record>

        <record id="slide_slide_odoo_12_development_139" model="slide.slide">
            <field name="name">Name Search Function in Odoo: Search Using Multiple field</field>
            <field name="sequence">139</field>
            <field name="url">https://www.youtube.com/watch?v=dd5SYkPSMSo</field>
            <field name="slide_type">video</field>
            <field name="channel_id" ref="om_hospital.slide_odoo_12_development"/>
            <field name="is_published" eval="True"/>
            <field name="is_preview" eval="True"/>
            <field name="completion_time">1</field>
        </record>

        <record id="slide_slide_odoo_12_development_140" model="slide.slide">
            <field name="name">Odoo ORM Methods - Part1</field>
            <field name="sequence">140</field>
            <field name="url">https://www.youtube.com/watch?v=8V-uOG8KkKA</field>
            <field name="slide_type">video</field>
            <field name="channel_id" ref="om_hospital.slide_odoo_12_development"/>
            <field name="is_published" eval="True"/>
            <field name="is_preview" eval="True"/>
            <field name="completion_time">1</field>
        </record>

        <record id="slide_slide_odoo_12_development_141" model="slide.slide">
            <field name="name">Disable Drag and Drop in Odoo Kanban View</field>
            <field name="sequence">141</field>
            <field name="url">https://www.youtube.com/watch?v=aQ7oGcsD6ow</field>
            <field name="slide_type">video</field>
            <field name="channel_id" ref="om_hospital.slide_odoo_12_development"/>
            <field name="is_published" eval="True"/>
            <field name="is_preview" eval="True"/>
            <field name="completion_time">1</field>
        </record>

        <record id="slide_slide_odoo_12_development_142" model="slide.slide">
            <field name="name">Odoo ORM Methods - Part 2</field>
            <field name="sequence">142</field>
            <field name="url">https://www.youtube.com/watch?v=a4KWUtN1nVw</field>
            <field name="slide_type">video</field>
            <field name="channel_id" ref="om_hospital.slide_odoo_12_development"/>
            <field name="is_published" eval="True"/>
            <field name="is_preview" eval="True"/>
            <field name="completion_time">1</field>
        </record>

        <record id="slide_slide_odoo_12_development_143" model="slide.slide">
            <field name="name">One2many Field - Editable Bottom and Top</field>
            <field name="sequence">143</field>
            <field name="url">https://www.youtube.com/watch?v=dP4tUwf5ySo</field>
            <field name="slide_type">video</field>
            <field name="channel_id" ref="om_hospital.slide_odoo_12_development"/>
            <field name="is_published" eval="True"/>
            <field name="is_preview" eval="True"/>
            <field name="completion_time">1</field>
        </record>

        <record id="slide_slide_odoo_12_development_144" model="slide.slide">
            <field name="name">Inherit And Create New Report</field>
            <field name="sequence">144</field>
            <field name="url">https://www.youtube.com/watch?v=Szj3vs6V6iQ</field>
            <field name="slide_type">video</field>
            <field name="channel_id" ref="om_hospital.slide_odoo_12_development"/>
            <field name="is_published" eval="True"/>
            <field name="is_preview" eval="True"/>
            <field name="completion_time">1</field>
        </record>

        <record id="slide_slide_odoo_12_development_145" model="slide.slide">
            <field name="name">OdooRPC: Connect To Odoo Database and Perform All Operations</field>
            <field name="sequence">145</field>
            <field name="url">https://www.youtube.com/watch?v=HHDkFFs3CX8</field>
            <field name="slide_type">video</field>
            <field name="channel_id" ref="om_hospital.slide_odoo_12_development"/>
            <field name="is_published" eval="True"/>
            <field name="is_preview" eval="True"/>
            <field name="completion_time">1</field>
        </record>

        <record id="slide_slide_odoo_12_development_146" model="slide.slide">
            <field name="name">Handling Of Multiples Views For Same Model In Odoo</field>
            <field name="sequence">146</field>
            <field name="url">https://www.youtube.com/watch?v=-2EAt9nN4o0</field>
            <field name="slide_type">video</field>
            <field name="channel_id" ref="om_hospital.slide_odoo_12_development"/>
            <field name="is_published" eval="True"/>
            <field name="is_preview" eval="True"/>
            <field name="completion_time">1</field>
        </record>

        <record id="slide_slide_odoo_12_development_147" model="slide.slide">
            <field name="name">Delegation Inheritance</field>
            <field name="sequence">147</field>
            <field name="url">https://www.youtube.com/watch?v=CkUulwB6k3o</field>
            <field name="slide_type">video</field>
            <field name="channel_id" ref="om_hospital.slide_odoo_12_development"/>
            <field name="is_published" eval="True"/>
            <field name="is_preview" eval="True"/>
            <field name="completion_time">1</field>
        </record>

        <record id="slide_slide_odoo_12_development_148" model="slide.slide">
            <field name="name">Odoo Model Viewer Widget</field>
            <field name="sequence">149</field>
            <field name="url">https://www.youtube.com/watch?v=NyxAXxEYkfA</field>
            <field name="slide_type">video</field>
            <field name="channel_id" ref="om_hospital.slide_odoo_12_development"/>
            <field name="is_published" eval="True"/>
            <field name="is_preview" eval="True"/>
            <field name="completion_time">1</field>
        </record>

        <record id="slide_slide_odoo_12_development_149" model="slide.slide">
            <field name="name">Odoo JSON RPC</field>
            <field name="sequence">149</field>
            <field name="url">https://www.youtube.com/watch?v=J61gRPVSex4</field>
            <field name="slide_type">video</field>
            <field name="channel_id" ref="om_hospital.slide_odoo_12_development"/>
            <field name="is_published" eval="True"/>
            <field name="is_preview" eval="True"/>
            <field name="completion_time">1</field>
        </record>

        <record id="slide_slide_odoo_12_development_150" model="slide.slide">
            <field name="name">Q Context In Odoo</field>
            <field name="sequence">150</field>
            <field name="url">https://www.youtube.com/watch?v=Q9yqY32JlZU</field>
            <field name="slide_type">video</field>
            <field name="channel_id" ref="om_hospital.slide_odoo_12_development"/>
            <field name="is_published" eval="True"/>
            <field name="is_preview" eval="True"/>
            <field name="completion_time">1</field>
        </record>

        <record id="slide_slide_odoo_12_development_151" model="slide.slide">
            <field name="name">Active Test In Odoo</field>
            <field name="sequence">151</field>
            <field name="url">https://www.youtube.com/watch?v=n0ofilXvTV8</field>
            <field name="slide_type">video</field>
            <field name="channel_id" ref="om_hospital.slide_odoo_12_development"/>
            <field name="is_published" eval="True"/>
            <field name="is_preview" eval="True"/>
            <field name="completion_time">1</field>
        </record>

        <record id="slide_slide_odoo_12_development_152" model="slide.slide">
            <field name="name">Apply Changes In A View For Particular User Groups</field>
            <field name="sequence">152</field>
            <field name="url">https://www.youtube.com/watch?v=Fsp6lAPHz08</field>
            <field name="slide_type">video</field>
            <field name="channel_id" ref="om_hospital.slide_odoo_12_development"/>
            <field name="is_published" eval="True"/>
            <field name="is_preview" eval="True"/>
            <field name="completion_time">1</field>
        </record>

    </data>
</odoo>
