<?xml version="1.0" encoding="utf-8"?>
<odoo>

    <data noupdate="1">

        <record id="slide_odoo_12_development" model="slide.channel">
            <field name="name">Odoo 12 Development</field>
            <field name="user_id" ref="base.user_admin"/>
            <field name="enroll">public</field>
            <field name="channel_type">training</field>
            <field name="allow_comment" eval="True"/>
            <field name="promote_strategy">latest</field>
            <field name="is_published" eval="True"/>
            <field name="image_1920" type="base64" file="om_hospital/static/src/img/odoo12_development.png"/>
            <field name="description">Learn How to Customize the Odoo ERP and Create New Modules.</field>
            <field name="create_date" eval="DateTime.now() - relativedelta(days=7)"/>
        </record>

        <record id="slide_slide_odoo_12_development_1" model="slide.slide">
            <field name="name">Configure Odoo With Pycharm</field>
            <field name="sequence">1</field>
            <field name="url">https://www.youtube.com/watch?v=p7SJW36lqVE</field>
            <field name="slide_type">video</field>
            <field name="channel_id" ref="om_hospital.slide_odoo_12_development"/>
            <field name="is_published" eval="True"/>
            <field name="is_preview" eval="True"/>
            <field name="completion_time">1</field>
            <field name="description">Steps to configure odoo development environment using pycharm IDE</field>
        </record>

        <record id="slide_slide_odoo_12_development_2" model="slide.slide">
            <field name="name">Add Custom Modules And Custom Addons Path</field>
            <field name="sequence">2</field>
            <field name="url">https://www.youtube.com/watch?v=DJyPx5u6sd0</field>
            <field name="slide_type">video</field>
            <field name="channel_id" ref="om_hospital.slide_odoo_12_development"/>
            <field name="is_published" eval="True"/>
            <field name="is_preview" eval="True"/>
            <field name="completion_time">1</field>
        </record>

        <record id="slide_slide_odoo_12_development_3" model="slide.slide">
            <field name="name">Create Custom Module</field>
            <field name="sequence">3</field>
            <field name="url">https://www.youtube.com/watch?v=BDepk0LhVuI</field>
            <field name="slide_type">video</field>
            <field name="channel_id" ref="om_hospital.slide_odoo_12_development"/>
            <field name="is_published" eval="True"/>
            <field name="is_preview" eval="True"/>
            <field name="completion_time">1</field>
        </record>

        <record id="slide_slide_odoo_12_development_4" model="slide.slide">
            <field name="name">Create New Models</field>
            <field name="sequence">4</field>
            <field name="url">https://www.youtube.com/watch?v=L6MxDR71_1k</field>
            <field name="slide_type">video</field>
            <field name="channel_id" ref="om_hospital.slide_odoo_12_development"/>
            <field name="is_published" eval="True"/>
            <field name="is_preview" eval="True"/>
            <field name="completion_time">1</field>
        </record>

        <record id="slide_slide_odoo_12_development_5" model="slide.slide">
            <field name="name">Define New Menu and Actions</field>
            <field name="sequence">5</field>
            <field name="url">https://www.youtube.com/watch?v=Tdg4YQowXyI</field>
            <field name="slide_type">video</field>
            <field name="channel_id" ref="om_hospital.slide_odoo_12_development"/>
            <field name="is_published" eval="True"/>
            <field name="is_preview" eval="True"/>
            <field name="completion_time">1</field>
        </record>

        <record id="slide_slide_odoo_12_development_6" model="slide.slide">
            <field name="name">Define Tree and Form View</field>
            <field name="sequence">6</field>
            <field name="url">https://www.youtube.com/watch?v=3JMEroi4DIk</field>
            <field name="slide_type">video</field>
            <field name="channel_id" ref="om_hospital.slide_odoo_12_development"/>
            <field name="is_published" eval="True"/>
            <field name="is_preview" eval="True"/>
            <field name="completion_time">1</field>
        </record>

        <record id="slide_slide_odoo_12_development_7" model="slide.slide">
            <field name="name">Set Access Rights For Models</field>
            <field name="sequence">7</field>
            <field name="url">https://www.youtube.com/watch?v=W5ya521uTlo</field>
            <field name="slide_type">video</field>
            <field name="channel_id" ref="om_hospital.slide_odoo_12_development"/>
            <field name="is_published" eval="True"/>
            <field name="is_preview" eval="True"/>
            <field name="completion_time">1</field>
        </record>

        <record id="slide_slide_odoo_12_development_8" model="slide.slide">
            <field name="name">Rec name for Models</field>
            <field name="sequence">8</field>
            <field name="url">https://www.youtube.com/watch?v=d_cyPsVc7vg</field>
            <field name="slide_type">video</field>
            <field name="channel_id" ref="om_hospital.slide_odoo_12_development"/>
            <field name="is_published" eval="True"/>
            <field name="is_preview" eval="True"/>
            <field name="completion_time">1</field>
        </record>

        <record id="slide_slide_odoo_12_development_9" model="slide.slide">
            <field name="name">Add Chatter to Form View</field>
            <field name="sequence">9</field>
            <field name="url">https://www.youtube.com/watch?v=5rI00Y1Gw7Y</field>
            <field name="slide_type">video</field>
            <field name="channel_id" ref="om_hospital.slide_odoo_12_development"/>
            <field name="is_published" eval="True"/>
            <field name="is_preview" eval="True"/>
            <field name="completion_time">1</field>
        </record>

        <record id="slide_slide_odoo_12_development_10" model="slide.slide">
            <field name="name">Add New Sequence</field>
            <field name="sequence">10</field>
            <field name="url">https://www.youtube.com/watch?v=ZfKzmfiqeg0</field>
            <field name="slide_type">video</field>
            <field name="channel_id" ref="om_hospital.slide_odoo_12_development"/>
            <field name="is_published" eval="True"/>
            <field name="is_preview" eval="True"/>
            <field name="completion_time">1</field>
        </record>

        <record id="slide_slide_odoo_12_development_11" model="slide.slide">
            <field name="name">Inherit And Add Field to Existing Views</field>
            <field name="sequence">11</field>
            <field name="url">https://www.youtube.com/watch?v=z1Tx7EGkPy0</field>
            <field name="slide_type">video</field>
            <field name="channel_id" ref="om_hospital.slide_odoo_12_development"/>
            <field name="is_published" eval="True"/>
            <field name="is_preview" eval="True"/>
            <field name="completion_time">1</field>
        </record>

        <record id="slide_slide_odoo_12_development_12" model="slide.slide">
            <field name="name">Define Search View</field>
            <field name="sequence">12</field>
            <field name="url">https://www.youtube.com/watch?v=hKigPT7GF7E</field>
            <field name="slide_type">video</field>
            <field name="channel_id" ref="om_hospital.slide_odoo_12_development"/>
            <field name="is_published" eval="True"/>
            <field name="is_preview" eval="True"/>
            <field name="completion_time">1</field>
        </record>

        <record id="slide_slide_odoo_12_development_13" model="slide.slide">
            <field name="name">Compute Field and its Function</field>
            <field name="sequence">13</field>
            <field name="url">https://www.youtube.com/watch?v=Mg80GxrKDOc</field>
            <field name="slide_type">video</field>
            <field name="channel_id" ref="om_hospital.slide_odoo_12_development"/>
            <field name="is_published" eval="True"/>
            <field name="is_preview" eval="True"/>
            <field name="completion_time">1</field>
        </record>

        <record id="slide_slide_odoo_12_development_14" model="slide.slide">
            <field name="name">Track Field Value Changes</field>
            <field name="sequence">14</field>
            <field name="url">https://www.youtube.com/watch?v=7lFvNCIZzkg</field>
            <field name="slide_type">video</field>
            <field name="channel_id" ref="om_hospital.slide_odoo_12_development"/>
            <field name="is_published" eval="True"/>
            <field name="is_preview" eval="True"/>
            <field name="completion_time">1</field>
        </record>

        <record id="slide_slide_odoo_12_development_15" model="slide.slide">
            <field name="name">Set Default Filter For View</field>
            <field name="sequence">15</field>
            <field name="url">https://www.youtube.com/watch?v=Q1i0vFXxGOE</field>
            <field name="slide_type">video</field>
            <field name="channel_id" ref="om_hospital.slide_odoo_12_development"/>
            <field name="is_published" eval="True"/>
            <field name="is_preview" eval="True"/>
            <field name="completion_time">1</field>
        </record>

        <record id="slide_slide_odoo_12_development_16" model="slide.slide">
            <field name="name">How to Add Chatter to Form View in Odoo12</field>
            <field name="sequence">16</field>
            <field name="url">https://www.youtube.com/watch?v=5rI00Y1Gw7Y</field>
            <field name="slide_type">video</field>
            <field name="channel_id" ref="om_hospital.slide_odoo_12_development"/>
            <field name="is_published" eval="True"/>
            <field name="is_preview" eval="True"/>
            <field name="completion_time">1</field>
        </record>

        <record id="slide_slide_odoo_12_development_17" model="slide.slide">
            <field name="name">Add Constrains For A Field</field>
            <field name="sequence">17</field>
            <field name="url">https://www.youtube.com/watch?v=ijS-N1CdiWU</field>
            <field name="slide_type">video</field>
            <field name="channel_id" ref="om_hospital.slide_odoo_12_development"/>
            <field name="is_published" eval="True"/>
            <field name="is_preview" eval="True"/>
            <field name="completion_time">1</field>
        </record>


        <record id="slide_slide_odoo_12_development_18" model="slide.slide">
            <field name="name">Odoo Module Structure</field>
            <field name="sequence">18</field>
            <field name="url">https://www.youtube.com/watch?v=EAbhAjAI2hA</field>
            <field name="slide_type">video</field>
            <field name="channel_id" ref="om_hospital.slide_odoo_12_development"/>
            <field name="is_published" eval="True"/>
            <field name="is_preview" eval="True"/>
            <field name="completion_time">1</field>
        </record>


        <record id="slide_slide_odoo_12_development_19" model="slide.slide">
            <field name="name">Related Fields</field>
            <field name="sequence">19</field>
            <field name="url">https://www.youtube.com/watch?v=pD6byjEvIx8</field>
            <field name="slide_type">video</field>
            <field name="channel_id" ref="om_hospital.slide_odoo_12_development"/>
            <field name="is_published" eval="True"/>
            <field name="is_preview" eval="True"/>
            <field name="completion_time">1</field>
        </record>


        <record id="slide_slide_odoo_12_development_20" model="slide.slide">
            <field name="name">Set Order Of Records </field>
            <field name="sequence">20</field>
            <field name="url">https://www.youtube.com/watch?v=zZRxO23NLDo</field>
            <field name="slide_type">video</field>
            <field name="channel_id" ref="om_hospital.slide_odoo_12_development"/>
            <field name="is_published" eval="True"/>
            <field name="is_preview" eval="True"/>
            <field name="completion_time">1</field>
        </record>

        <record id="slide_slide_odoo_12_development_21" model="slide.slide">
            <field name="name">Set Default Value For The Field</field>
            <field name="sequence">21</field>
            <field name="url">https://www.youtube.com/watch?v=fL_Jv1vmSSM</field>
            <field name="slide_type">video</field>
            <field name="channel_id" ref="om_hospital.slide_odoo_12_development"/>
            <field name="is_published" eval="True"/>
            <field name="is_preview" eval="True"/>
            <field name="completion_time">1</field>
        </record>

        <record id="slide_slide_odoo_12_development_22" model="slide.slide">
            <field name="name">Add Smart Buttons(type object)</field>
            <field name="sequence">22</field>
            <field name="url">https://www.youtube.com/watch?v=I93Lr-bprIc</field>
            <field name="slide_type">video</field>
            <field name="channel_id" ref="om_hospital.slide_odoo_12_development"/>
            <field name="is_published" eval="True"/>
            <field name="is_preview" eval="True"/>
            <field name="completion_time">1</field>
        </record>

        <record id="slide_slide_odoo_12_development_23" model="slide.slide">
            <field name="name">Smart Button(type action)</field>
            <field name="sequence">23</field>
            <field name="url">https://www.youtube.com/watch?v=NfYt028J8rA</field>
            <field name="slide_type">video</field>
            <field name="channel_id" ref="om_hospital.slide_odoo_12_development"/>
            <field name="is_published" eval="True"/>
            <field name="is_preview" eval="True"/>
            <field name="completion_time">1</field>
        </record>

        <record id="slide_slide_odoo_12_development_24" model="slide.slide">
            <field name="name">Add States/Statusbar for Records</field>
            <field name="sequence">24</field>
            <field name="url">https://www.youtube.com/watch?v=lPHWsw3Iclk</field>
            <field name="slide_type">video</field>
            <field name="channel_id" ref="om_hospital.slide_odoo_12_development"/>
            <field name="is_published" eval="True"/>
            <field name="is_preview" eval="True"/>
            <field name="completion_time">1</field>
        </record>

        <record id="slide_slide_odoo_12_development_25" model="slide.slide">
            <field name="name">Control States and Statusbar Using Buttons - Workflow</field>
            <field name="sequence">25</field>
            <field name="url">https://www.youtube.com/watch?v=3PA7XAky8mA</field>
            <field name="slide_type">video</field>
            <field name="channel_id" ref="om_hospital.slide_odoo_12_development"/>
            <field name="is_published" eval="True"/>
            <field name="is_preview" eval="True"/>
            <field name="completion_time">1</field>
        </record>

        <record id="slide_slide_odoo_12_development_26" model="slide.slide">
            <field name="name">Create PDF Report - Part 1</field>
            <field name="sequence">26</field>
            <field name="url">https://www.youtube.com/watch?v=SkKAXURqNfQ</field>
            <field name="slide_type">video</field>
            <field name="channel_id" ref="om_hospital.slide_odoo_12_development"/>
            <field name="is_published" eval="True"/>
            <field name="is_preview" eval="True"/>
            <field name="completion_time">1</field>
        </record>

        <record id="slide_slide_odoo_12_development_27" model="slide.slide">
            <field name="name">Create PDF Report - Part 2</field>
            <field name="sequence">27</field>
            <field name="url">https://www.youtube.com/watch?v=qAv5GAmIryI</field>
            <field name="slide_type">video</field>
            <field name="channel_id" ref="om_hospital.slide_odoo_12_development"/>
            <field name="is_published" eval="True"/>
            <field name="is_preview" eval="True"/>
            <field name="completion_time">1</field>
        </record>

        <record id="slide_slide_odoo_12_development_28" model="slide.slide">
            <field name="name">Add Notebooks And Pages in Odoo Form View</field>
            <field name="sequence">28</field>
            <field name="url">https://www.youtube.com/watch?v=gT96GevMEWU</field>
            <field name="slide_type">video</field>
            <field name="channel_id" ref="om_hospital.slide_odoo_12_development"/>
            <field name="is_published" eval="True"/>
            <field name="is_preview" eval="True"/>
            <field name="completion_time">1</field>
        </record>

        <record id="slide_slide_odoo_12_development_29" model="slide.slide">
            <field name="name">Override Create Function</field>
            <field name="sequence">29</field>
            <field name="url">https://www.youtube.com/watch?v=AS08H3G9x1U</field>
            <field name="slide_type">video</field>
            <field name="channel_id" ref="om_hospital.slide_odoo_12_development"/>
            <field name="is_published" eval="True"/>
            <field name="is_preview" eval="True"/>
            <field name="completion_time">1</field>
        </record>

<!--        <record id="slide_slide_odoo_12_development_30" model="slide.slide">-->
<!--            <field name="name">Display Sum and Average in Tree View</field>-->
<!--            <field name="sequence">30</field>-->
<!--            <field name="url">https://www.youtube.com/watch?v=hMQaPyzIP6E</field>-->
<!--            <field name="slide_type">video</field>-->
<!--            <field name="channel_id" ref="om_hospital.slide_odoo_12_development"/>-->
<!--            <field name="is_published" eval="True"/>-->
<!--            <field name="is_preview" eval="True"/>-->
<!--            <field name="completion_time">1</field>-->
<!--        </record>-->

        <record id="slide_slide_odoo_12_development_9" model="slide.slide">
            <field name="name">Difference Between Demo and Data File</field>
            <field name="sequence">31</field>
            <field name="url">https://www.youtube.com/watch?v=pguBgOA9vtM</field>
            <field name="slide_type">video</field>
            <field name="channel_id" ref="om_hospital.slide_odoo_12_development"/>
            <field name="is_published" eval="True"/>
            <field name="is_preview" eval="True"/>
            <field name="completion_time">1</field>
        </record>

        <record id="slide_slide_odoo_12_development_32" model="slide.slide">
            <field name="name">Remove Report From Print Menu in Odoo</field>
            <field name="sequence">32</field>
            <field name="url">https://www.youtube.com/watch?v=ktDKoq9bvaI</field>
            <field name="slide_type">video</field>
            <field name="channel_id" ref="om_hospital.slide_odoo_12_development"/>
            <field name="is_published" eval="True"/>
            <field name="is_preview" eval="True"/>
            <field name="completion_time">1</field>
        </record>

        <record id="slide_slide_odoo_12_development_33" model="slide.slide">
            <field name="name">Create Data Files and Load Default Data</field>
            <field name="sequence">33</field>
            <field name="url">https://www.youtube.com/watch?v=ZyABTIDll0U</field>
            <field name="slide_type">video</field>
            <field name="channel_id" ref="om_hospital.slide_odoo_12_development"/>
            <field name="is_published" eval="True"/>
            <field name="is_preview" eval="True"/>
            <field name="completion_time">1</field>
        </record>

        <record id="slide_slide_odoo_12_development_34" model="slide.slide">
            <field name="name">Button Types in Odoo</field>
            <field name="sequence">34</field>
            <field name="url">https://www.youtube.com/watch?v=_aCRtK0xOpQ</field>
            <field name="slide_type">video</field>
            <field name="channel_id" ref="om_hospital.slide_odoo_12_development"/>
            <field name="is_published" eval="True"/>
            <field name="is_preview" eval="True"/>
            <field name="completion_time">1</field>
        </record>

        <record id="slide_slide_odoo_12_development_35" model="slide.slide">
            <field name="name">Add Archive Button In Odoo</field>
            <field name="sequence">35</field>
            <field name="url">https://www.youtube.com/watch?v=JuEZgM_q1LI</field>
            <field name="slide_type">video</field>
            <field name="channel_id" ref="om_hospital.slide_odoo_12_development"/>
            <field name="is_published" eval="True"/>
            <field name="is_preview" eval="True"/>
            <field name="completion_time">1</field>
        </record>

        <record id="slide_slide_odoo_12_development_36" model="slide.slide">
            <field name="name">Record Rules</field>
            <field name="sequence">36</field>
            <field name="url">https://www.youtube.com/watch?v=p8gj1dEfYUM</field>
            <field name="slide_type">video</field>
            <field name="channel_id" ref="om_hospital.slide_odoo_12_development"/>
            <field name="is_published" eval="True"/>
            <field name="is_preview" eval="True"/>
            <field name="completion_time">1</field>
        </record>

        <record id="slide_slide_odoo_12_development_37" model="slide.slide">
            <field name="name">Add One2many Fields</field>
            <field name="sequence">37</field>
            <field name="url">https://www.youtube.com/watch?v=_O_tNBdg3HQ</field>
            <field name="slide_type">video</field>
            <field name="channel_id" ref="om_hospital.slide_odoo_12_development"/>
            <field name="is_published" eval="True"/>
            <field name="is_preview" eval="True"/>
            <field name="completion_time">1</field>
        </record>

        <record id="slide_slide_odoo_12_development_38" model="slide.slide">
            <field name="name">Remove Create and Edit Option From Many2one Field</field>
            <field name="sequence">38</field>
            <field name="url">https://www.youtube.com/watch?v=AEc2C3WZc54</field>
            <field name="slide_type">video</field>
            <field name="channel_id" ref="om_hospital.slide_odoo_12_development"/>
            <field name="is_published" eval="True"/>
            <field name="is_preview" eval="True"/>
            <field name="completion_time">1</field>
        </record>

        <record id="slide_slide_odoo_12_development_39" model="slide.slide">
            <field name="name">Create a Wizard and Call it in Button Click</field>
            <field name="sequence">39</field>
            <field name="url">https://www.youtube.com/watch?v=K60oF3-vaxA</field>
            <field name="slide_type">video</field>
            <field name="channel_id" ref="om_hospital.slide_odoo_12_development"/>
            <field name="is_published" eval="True"/>
            <field name="is_preview" eval="True"/>
            <field name="completion_time">1</field>
        </record>

        <record id="slide_slide_odoo_12_development_40" model="slide.slide">
            <field name="name">Call Wizard From Menu Item Odoo</field>
            <field name="sequence">40</field>
            <field name="url">https://www.youtube.com/watch?v=qpkVKy9JzEw</field>
            <field name="slide_type">video</field>
            <field name="channel_id" ref="om_hospital.slide_odoo_12_development"/>
            <field name="is_published" eval="True"/>
            <field name="is_preview" eval="True"/>
            <field name="completion_time">1</field>
        </record>

        <record id="slide_slide_odoo_12_development_41" model="slide.slide">
            <field name="name">Set Default Value Using Context</field>
            <field name="sequence">41</field>
            <field name="url">https://www.youtube.com/watch?v=XEs_01mDsCw</field>
            <field name="slide_type">video</field>
            <field name="channel_id" ref="om_hospital.slide_odoo_12_development"/>
            <field name="is_published" eval="True"/>
            <field name="is_preview" eval="True"/>
            <field name="completion_time">1</field>
        </record>

        <record id="slide_slide_odoo_12_development_42" model="slide.slide">
            <field name="name">Onchange Functions</field>
            <field name="sequence">42</field>
            <field name="url">https://www.youtube.com/watch?v=qyRhjyp1MeE</field>
            <field name="slide_type">video</field>
            <field name="channel_id" ref="om_hospital.slide_odoo_12_development"/>
            <field name="is_published" eval="True"/>
            <field name="is_preview" eval="True"/>
            <field name="completion_time">1</field>
        </record>

        <record id="slide_slide_odoo_12_development_43" model="slide.slide">
            <field name="name">Create Record From Code</field>
            <field name="sequence">43</field>
            <field name="url">https://www.youtube.com/watch?v=Jssb15ADeyg</field>
            <field name="slide_type">video</field>
            <field name="channel_id" ref="om_hospital.slide_odoo_12_development"/>
            <field name="is_published" eval="True"/>
            <field name="is_preview" eval="True"/>
            <field name="completion_time">1</field>
        </record>

        <record id="slide_slide_odoo_12_development_44" model="slide.slide">
            <field name="name">Name Get Function</field>
            <field name="sequence">44</field>
            <field name="url">https://www.youtube.com/watch?v=-1r3WSwtqxQ</field>
            <field name="slide_type">video</field>
            <field name="channel_id" ref="om_hospital.slide_odoo_12_development"/>
            <field name="is_published" eval="True"/>
            <field name="is_preview" eval="True"/>
            <field name="completion_time">1</field>
        </record>

        <record id="slide_slide_odoo_12_development_45" model="slide.slide">
            <field name="name">Add New Action to Action Button</field>
            <field name="sequence">45</field>
            <field name="url">https://www.youtube.com/watch?v=yGKYPtAeP7k</field>
            <field name="slide_type">video</field>
            <field name="channel_id" ref="om_hospital.slide_odoo_12_development"/>
            <field name="is_published" eval="True"/>
            <field name="is_preview" eval="True"/>
            <field name="completion_time">1</field>
        </record>

        <record id="slide_slide_odoo_12_development_46" model="slide.slide">
            <field name="name">Create Email Template</field>
            <field name="sequence">46</field>
            <field name="url">https://www.youtube.com/watch?v=rGfGHRS3iWw</field>
            <field name="slide_type">video</field>
            <field name="channel_id" ref="om_hospital.slide_odoo_12_development"/>
            <field name="is_published" eval="True"/>
            <field name="is_preview" eval="True"/>
            <field name="completion_time">1</field>
        </record>

        <record id="slide_slide_odoo_12_development_47" model="slide.slide">
            <field name="name">Send Email From Code Using Email Template</field>
            <field name="sequence">47</field>
            <field name="url">https://www.youtube.com/watch?v=CZVRmtv6re0</field>
            <field name="slide_type">video</field>
            <field name="channel_id" ref="om_hospital.slide_odoo_12_development"/>
            <field name="is_published" eval="True"/>
            <field name="is_preview" eval="True"/>
            <field name="completion_time">1</field>
        </record>

<!--        <record id="slide_slide_odoo_12_development_48" model="slide.slide">-->
<!--            <field name="name">Restrict Field Button Visibility Using Groups</field>-->
<!--            <field name="sequence">48</field>-->
<!--            <field name="url">https://www.youtube.com/watch?v=3JsCu8_Dj3I</field>-->
<!--            <field name="slide_type">video</field>-->
<!--            <field name="channel_id" ref="om_hospital.slide_odoo_12_development"/>-->
<!--            <field name="is_published" eval="True"/>-->
<!--            <field name="is_preview" eval="True"/>-->
<!--            <field name="completion_time">1</field>-->
<!--        </record>-->

        <record id="slide_slide_odoo_12_development_49" model="slide.slide">
            <field name="name">Create Excel/XLS Report</field>
            <field name="sequence">49</field>
            <field name="url">https://www.youtube.com/watch?v=cCyMy2kxxZs</field>
            <field name="slide_type">video</field>
            <field name="channel_id" ref="om_hospital.slide_odoo_12_development"/>
            <field name="is_published" eval="True"/>
            <field name="is_preview" eval="True"/>
            <field name="completion_time">1</field>
        </record>

<!--        <record id="slide_slide_odoo_12_development_50" model="slide.slide">-->
<!--            <field name="name">Make Compute Field Editable</field>-->
<!--            <field name="sequence">50</field>-->
<!--            <field name="url">https://www.youtube.com/watch?v=NEr6hUTrn84</field>-->
<!--            <field name="slide_type">video</field>-->
<!--            <field name="channel_id" ref="om_hospital.slide_odoo_12_development"/>-->
<!--            <field name="is_published" eval="True"/>-->
<!--            <field name="is_preview" eval="True"/>-->
<!--            <field name="completion_time">1</field>-->
<!--        </record>-->

        <record id="slide_slide_odoo_12_development_51" model="slide.slide">
            <field name="name">Message Post Function</field>
            <field name="sequence">51</field>
            <field name="url">https://www.youtube.com/watch?v=J3MvgwHnR0A</field>
            <field name="slide_type">video</field>
            <field name="channel_id" ref="om_hospital.slide_odoo_12_development"/>
            <field name="is_published" eval="True"/>
            <field name="is_preview" eval="True"/>
            <field name="completion_time">1</field>
        </record>

        <record id="slide_slide_odoo_12_development_52" model="slide.slide">
            <field name="name">Get Data From Database Tables</field>
            <field name="sequence">52</field>
            <field name="url">https://www.youtube.com/watch?v=hUPSvL8GTQE</field>
            <field name="slide_type">video</field>
            <field name="channel_id" ref="om_hospital.slide_odoo_12_development"/>
            <field name="is_published" eval="True"/>
            <field name="is_preview" eval="True"/>
            <field name="completion_time">1</field>
        </record>

        <record id="slide_slide_odoo_12_development_53" model="slide.slide">
            <field name="name">Override Write Function</field>
            <field name="sequence">53</field>
            <field name="url">https://www.youtube.com/watch?v=v8sXFUi1SH4</field>
            <field name="slide_type">video</field>
            <field name="channel_id" ref="om_hospital.slide_odoo_12_development"/>
            <field name="is_published" eval="True"/>
            <field name="is_preview" eval="True"/>
            <field name="completion_time">1</field>
        </record>

        <record id="slide_slide_odoo_12_development_54" model="slide.slide">
            <field name="name">Add Barcode To Report</field>
            <field name="sequence">54</field>
            <field name="url">https://www.youtube.com/watch?v=bwT_ZtKWn9E</field>
            <field name="slide_type">video</field>
            <field name="channel_id" ref="om_hospital.slide_odoo_12_development"/>
            <field name="is_published" eval="True"/>
            <field name="is_preview" eval="True"/>
            <field name="completion_time">1</field>
        </record>

        <record id="slide_slide_odoo_12_development_55" model="slide.slide">
            <field name="name">Create Scheduled Actions</field>
            <field name="sequence">55</field>
            <field name="url">https://www.youtube.com/watch?v=_P_AVSNr6uU</field>
            <field name="slide_type">video</field>
            <field name="channel_id" ref="om_hospital.slide_odoo_12_development"/>
            <field name="is_published" eval="True"/>
            <field name="is_preview" eval="True"/>
            <field name="completion_time">1</field>
        </record>

        <record id="slide_slide_odoo_12_development_56" model="slide.slide">
            <field name="name">Security in Odoo - Access Control, Record Rules and Group</field>
            <field name="sequence">56</field>
            <field name="url">https://www.youtube.com/watch?v=mzg3EGD_6Gw</field>
            <field name="slide_type">video</field>
            <field name="channel_id" ref="om_hospital.slide_odoo_12_development"/>
            <field name="is_published" eval="True"/>
            <field name="is_preview" eval="True"/>
            <field name="completion_time">1</field>
        </record>

        <record id="slide_slide_odoo_12_development_57" model="slide.slide">
            <field name="name">Show Field Only In Developer Mode</field>
            <field name="sequence">57</field>
            <field name="url">https://www.youtube.com/watch?v=ibxbMDWMtBk</field>
            <field name="slide_type">video</field>
            <field name="channel_id" ref="om_hospital.slide_odoo_12_development"/>
            <field name="is_published" eval="True"/>
            <field name="is_preview" eval="True"/>
            <field name="completion_time">1</field>
        </record>

        <record id="slide_slide_odoo_12_development_58" model="slide.slide">
            <field name="name">Upgrade Module From Terminal</field>
            <field name="sequence">58</field>
            <field name="url">https://www.youtube.com/watch?v=ErzOia_A21w</field>
            <field name="slide_type">video</field>
            <field name="channel_id" ref="om_hospital.slide_odoo_12_development"/>
            <field name="is_published" eval="True"/>
            <field name="is_preview" eval="True"/>
            <field name="completion_time">1</field>
        </record>

        <record id="slide_slide_odoo_12_development_59" model="slide.slide">
            <field name="name">Record Data To Backend Models From Website Form</field>
            <field name="sequence">59</field>
            <field name="url">https://www.youtube.com/watch?v=8uYxWRlxL_U</field>
            <field name="slide_type">video</field>
            <field name="channel_id" ref="om_hospital.slide_odoo_12_development"/>
            <field name="is_published" eval="True"/>
            <field name="is_preview" eval="True"/>
            <field name="completion_time">1</field>
        </record>

        <record id="slide_slide_odoo_12_development_60" model="slide.slide">
            <field name="name">Inherit And Modify Existing PDF Reports</field>
            <field name="sequence">60</field>
            <field name="url">https://www.youtube.com/watch?v=l2tvrpfOR1E</field>
            <field name="slide_type">video</field>
            <field name="channel_id" ref="om_hospital.slide_odoo_12_development"/>
            <field name="is_published" eval="True"/>
            <field name="is_preview" eval="True"/>
            <field name="completion_time">1</field>
        </record>

<!--        <record id="slide_slide_odoo_12_development_61" model="slide.slide">-->
<!--            <field name="name">Show WebPage Only For Logged in Users</field>-->
<!--            <field name="sequence">61</field>-->
<!--            <field name="url">https://www.youtube.com/watch?v=coZVxXypsUQ</field>-->
<!--            <field name="slide_type">video</field>-->
<!--            <field name="channel_id" ref="om_hospital.slide_odoo_12_development"/>-->
<!--            <field name="is_published" eval="True"/>-->
<!--            <field name="is_preview" eval="True"/>-->
<!--            <field name="completion_time">1</field>-->
<!--        </record>-->

        <record id="slide_slide_odoo_12_development_62" model="slide.slide">
            <field name="name">Delete One2many Lines From Code </field>
            <field name="sequence">62</field>
            <field name="url">https://www.youtube.com/watch?v=2pOIxhE_xuY</field>
            <field name="slide_type">video</field>
            <field name="channel_id" ref="om_hospital.slide_odoo_12_development"/>
            <field name="is_published" eval="True"/>
            <field name="is_preview" eval="True"/>
            <field name="completion_time">1</field>
        </record>

        <record id="slide_slide_odoo_12_development_63" model="slide.slide">
            <field name="name">Migrate Odoo Modules To Another Version</field>
            <field name="sequence">63</field>
            <field name="url">https://www.youtube.com/watch?v=IH9bQKrVLrU</field>
            <field name="slide_type">video</field>
            <field name="channel_id" ref="om_hospital.slide_odoo_12_development"/>
            <field name="is_published" eval="True"/>
            <field name="is_preview" eval="True"/>
            <field name="completion_time">1</field>
        </record>

        <record id="slide_slide_odoo_12_development_64" model="slide.slide">
            <field name="name">Call A Python Function While Printing PDF Report</field>
            <field name="sequence">64</field>
            <field name="url">https://www.youtube.com/watch?v=JGWc1KjyIBk</field>
            <field name="slide_type">video</field>
            <field name="channel_id" ref="om_hospital.slide_odoo_12_development"/>
            <field name="is_published" eval="True"/>
            <field name="is_preview" eval="True"/>
            <field name="completion_time">1</field>
        </record>

<!--        <record id="slide_slide_odoo_12_development_65" model="slide.slide">-->
<!--            <field name="name">Configure Odoo Template in Pycharm And Save Development Time</field>-->
<!--            <field name="sequence">65</field>-->
<!--            <field name="url">https://www.youtube.com/watch?v=1f6QOvf_8lc</field>-->
<!--            <field name="slide_type">video</field>-->
<!--            <field name="channel_id" ref="om_hospital.slide_odoo_12_development"/>-->
<!--            <field name="is_published" eval="True"/>-->
<!--            <field name="is_preview" eval="True"/>-->
<!--            <field name="completion_time">1</field>-->
<!--        </record>-->

<!--        <record id="slide_slide_odoo_12_development_66" model="slide.slide">-->
<!--            <field name="name">Activate Settings From Code</field>-->
<!--            <field name="sequence">66</field>-->
<!--            <field name="url">https://www.youtube.com/watch?v=mCwg-X3NfjQ</field>-->
<!--            <field name="slide_type">video</field>-->
<!--            <field name="channel_id" ref="om_hospital.slide_odoo_12_development"/>-->
<!--            <field name="is_published" eval="True"/>-->
<!--            <field name="is_preview" eval="True"/>-->
<!--            <field name="completion_time">1</field>-->
<!--        </record>-->

        <record id="slide_slide_odoo_12_development_67" model="slide.slide">
            <field name="name">Give Domain For A Field Based On Another Field</field>
            <field name="sequence">67</field>
            <field name="url">https://www.youtube.com/watch?v=IpXXYCsK2ow</field>
            <field name="slide_type">video</field>
            <field name="channel_id" ref="om_hospital.slide_odoo_12_development"/>
            <field name="is_published" eval="True"/>
            <field name="is_preview" eval="True"/>
            <field name="completion_time">1</field>
        </record>

        <record id="slide_slide_odoo_12_development_68" model="slide.slide">
            <field name="name">Convert Datetime To Users TimeZone</field>
            <field name="sequence">68</field>
            <field name="url">https://www.youtube.com/watch?v=ZxrDGTEU7B8</field>
            <field name="slide_type">video</field>
            <field name="channel_id" ref="om_hospital.slide_odoo_12_development"/>
            <field name="is_published" eval="True"/>
            <field name="is_preview" eval="True"/>
            <field name="completion_time">1</field>
        </record>

<!--        <record id="slide_slide_odoo_12_development_69" model="slide.slide">-->
<!--            <field name="name">Print PDF Report In A Button Click</field>-->
<!--            <field name="sequence">69</field>-->
<!--            <field name="url">https://www.youtube.com/watch?v=Dc8GDj7ygsI</field>-->
<!--            <field name="slide_type">video</field>-->
<!--            <field name="channel_id" ref="om_hospital.slide_odoo_12_development"/>-->
<!--            <field name="is_published" eval="True"/>-->
<!--            <field name="is_preview" eval="True"/>-->
<!--            <field name="completion_time">1</field>-->
<!--        </record>-->

<!--        <record id="slide_slide_odoo_12_development_70" model="slide.slide">-->
<!--            <field name="name">Prevent Wizard From Being Closed When Clicking A Button</field>-->
<!--            <field name="sequence">70</field>-->
<!--            <field name="url">https://www.youtube.com/watch?v=n5La3aTue7o</field>-->
<!--            <field name="slide_type">video</field>-->
<!--            <field name="channel_id" ref="om_hospital.slide_odoo_12_development"/>-->
<!--            <field name="is_published" eval="True"/>-->
<!--            <field name="is_preview" eval="True"/>-->
<!--            <field name="completion_time">1</field>-->
<!--        </record>-->

        <record id="slide_slide_odoo_12_development_71" model="slide.slide">
            <field name="name">Delete Record From Code</field>
            <field name="sequence">71</field>
            <field name="url">https://www.youtube.com/watch?v=Ra4t9qzj9h4</field>
            <field name="slide_type">video</field>
            <field name="channel_id" ref="om_hospital.slide_odoo_12_development"/>
            <field name="is_published" eval="True"/>
            <field name="is_preview" eval="True"/>
            <field name="completion_time">1</field>
        </record>

        <record id="slide_slide_odoo_12_development_72" model="slide.slide">
            <field name="name">Default Get Function: Set Default Values For Fields</field>
            <field name="sequence">72</field>
            <field name="url">https://www.youtube.com/watch?v=14mc1fIbVuU</field>
            <field name="slide_type">video</field>
            <field name="channel_id" ref="om_hospital.slide_odoo_12_development"/>
            <field name="is_published" eval="True"/>
            <field name="is_preview" eval="True"/>
            <field name="completion_time">1</field>
        </record>

<!--        <record id="slide_slide_odoo_12_development_73" model="slide.slide">-->
<!--            <field name="name">Why Stored Computed Fields Are Not Recomputing in Odoo</field>-->
<!--            <field name="sequence">73</field>-->
<!--            <field name="url">https://www.youtube.com/watch?v=PDR-epV7L-c</field>-->
<!--            <field name="slide_type">video</field>-->
<!--            <field name="channel_id" ref="om_hospital.slide_odoo_12_development"/>-->
<!--            <field name="is_published" eval="True"/>-->
<!--            <field name="is_preview" eval="True"/>-->
<!--            <field name="completion_time">1</field>-->
<!--        </record>-->

<!--        <record id="slide_slide_odoo_12_development_74" model="slide.slide">-->
<!--            <field name="name">Why Name ir.model.access.csv For Security File</field>-->
<!--            <field name="sequence">74</field>-->
<!--            <field name="url">https://www.youtube.com/watch?v=CEaxbnPgqWc</field>-->
<!--            <field name="slide_type">video</field>-->
<!--            <field name="channel_id" ref="om_hospital.slide_odoo_12_development"/>-->
<!--            <field name="is_published" eval="True"/>-->
<!--            <field name="is_preview" eval="True"/>-->
<!--            <field name="completion_time">1</field>-->
<!--        </record>-->

<!--        <record id="slide_slide_odoo_12_development_75" model="slide.slide">-->
<!--            <field name="name">Index html and Readme rst File</field>-->
<!--            <field name="sequence">75</field>-->
<!--            <field name="url">https://www.youtube.com/watch?v=C_D16fBH5RM</field>-->
<!--            <field name="slide_type">video</field>-->
<!--            <field name="channel_id" ref="om_hospital.slide_odoo_12_development"/>-->
<!--            <field name="is_published" eval="True"/>-->
<!--            <field name="is_preview" eval="True"/>-->
<!--            <field name="completion_time">1</field>-->
<!--        </record>-->

        <record id="slide_slide_odoo_12_development_76" model="slide.slide">
            <field name="name">How to Write Controllers And Render WebPage</field>
            <field name="sequence">76</field>
            <field name="url">https://www.youtube.com/watch?v=udqdjmUN_2c</field>
            <field name="slide_type">video</field>
            <field name="channel_id" ref="om_hospital.slide_odoo_12_development"/>
            <field name="is_published" eval="True"/>
            <field name="is_preview" eval="True"/>
            <field name="completion_time">1</field>
        </record>

        <record id="slide_slide_odoo_12_development_77" model="slide.slide">
            <field name="name">Write Controllers And Render WebPage Using Controllers</field>
            <field name="sequence">77</field>
            <field name="url">https://www.youtube.com/watch?v=1zy4kswo6gY</field>
            <field name="slide_type">video</field>
            <field name="channel_id" ref="om_hospital.slide_odoo_12_development"/>
            <field name="is_published" eval="True"/>
            <field name="is_preview" eval="True"/>
            <field name="completion_time">1</field>
        </record>

<!--        <record id="slide_slide_odoo_12_development_78" model="slide.slide">-->
<!--            <field name="name">Web Controllers Auth Public and Auth User Difference</field>-->
<!--            <field name="sequence">78</field>-->
<!--            <field name="url">https://www.youtube.com/watch?v=8395q9DYHfg</field>-->
<!--            <field name="slide_type">video</field>-->
<!--            <field name="channel_id" ref="om_hospital.slide_odoo_12_development"/>-->
<!--            <field name="is_published" eval="True"/>-->
<!--            <field name="is_preview" eval="True"/>-->
<!--            <field name="completion_time">1</field>-->
<!--        </record>-->

<!--        <record id="slide_slide_odoo_12_development_79" model="slide.slide">-->
<!--            <field name="name">Create and Print PDF Report From Wizard</field>-->
<!--            <field name="sequence">79</field>-->
<!--            <field name="url">https://www.youtube.com/watch?v=NXWmBWgGVh8</field>-->
<!--            <field name="slide_type">video</field>-->
<!--            <field name="channel_id" ref="om_hospital.slide_odoo_12_development"/>-->
<!--            <field name="is_published" eval="True"/>-->
<!--            <field name="is_preview" eval="True"/>-->
<!--            <field name="completion_time">1</field>-->
<!--        </record>-->

        <record id="slide_slide_odoo_12_development_80" model="slide.slide">
            <field name="name">Add Settings/Configuration For Module</field>
            <field name="sequence">80</field>
            <field name="url">https://www.youtube.com/watch?v=MsVoYPQ4-J4</field>
            <field name="slide_type">video</field>
            <field name="channel_id" ref="om_hospital.slide_odoo_12_development"/>
            <field name="is_published" eval="True"/>
            <field name="is_preview" eval="True"/>
            <field name="completion_time">1</field>
        </record>

        <record id="slide_slide_odoo_12_development_81" model="slide.slide">
            <field name="name">Mobile App Development - Authentication, Fetching Data and Creating Records Using Controller</field>
            <field name="sequence">81</field>
            <field name="url">https://www.youtube.com/watch?v=wGvuRbCyytk</field>
            <field name="slide_type">video</field>
            <field name="channel_id" ref="om_hospital.slide_odoo_12_development"/>
            <field name="is_published" eval="True"/>
            <field name="is_preview" eval="True"/>
            <field name="completion_time">1</field>
        </record>

    </data>
</odoo>
