<?xml version="1.0" encoding="UTF-8" ?>
<!-- Copyright 2021 Digital5, S.L.
     License AGPL-3.0 or later (https://www.gnu.org/licenses/agpl). -->
<odoo>

    <!-- 240 -->
    <record id="lroe_chapter_pj_240_1" model="lroe.chapter">
        <field name="code">1</field>
        <field name="name">Facturas emitidas</field>
        <field name="model">240</field>
    </record>
    <record id="lroe_subchapter_pj_240_1_1" model="lroe.chapter">
        <field name="code">1.1</field>
        <field name="name">Facturas emitidas con software garante</field>
        <field name="model">240</field>
        <field name="lroe_chapter_id" ref="lroe_chapter_pj_240_1" />
    </record>

    <record id="lroe_chapter_pj_240_2" model="lroe.chapter">
        <field name="code">2</field>
        <field name="name">Facturas recibidas</field>
        <field name="model">240</field>
    </record>

    <record id="lroe_chapter_pj_240_3" model="lroe.chapter">
        <field name="code">3</field>
        <field name="name">Bienes de inversión</field>
        <field name="model">240</field>
    </record>

    <record id="lroe_chapter_pj_240_4" model="lroe.chapter">
        <field name="code">4</field>
        <field name="name">Determinadas operaciones intracomunitarias</field>
        <field name="model">240</field>
    </record>
    <record id="lroe_subchapter_pj_240_4_1" model="lroe.chapter">
        <field name="code">4.1</field>
        <field
            name="name"
        >Transferencias intracomunitarias, informes periciales y otros trabajos</field>
        <field name="model">240</field>
        <field name="lroe_chapter_id" ref="lroe_chapter_pj_240_4" />
    </record>
    <record id="lroe_subchapter_pj_240_4_2" model="lroe.chapter">
        <field name="code">4.2</field>
        <field name="name">Ventas de bienes en consigna</field>
        <field name="model">240</field>
        <field name="lroe_chapter_id" ref="lroe_chapter_pj_240_4" />
    </record>

    <record id="lroe_chapter_pj_240_5" model="lroe.chapter">
        <field name="code">5</field>
        <field name="name">Criterio de caja</field>
        <field name="model">240</field>
    </record>
    <record id="lroe_subchapter_pj_240_5_1" model="lroe.chapter">
        <field name="code">5.1</field>
        <field name="name">Cobros</field>
        <field name="model">240</field>
        <field name="lroe_chapter_id" ref="lroe_chapter_pj_240_5" />
    </record>
    <record id="lroe_subchapter_pj_240_5_2" model="lroe.chapter">
        <field name="code">5.2</field>
        <field name="name">Pagos</field>
        <field name="model">240</field>
        <field name="lroe_chapter_id" ref="lroe_chapter_pj_240_5" />
    </record>

    <record id="lroe_chapter_pj_240_6" model="lroe.chapter">
        <field name="code">6</field>
        <field name="name">Otra información con trascendencia tributaria</field>
        <field name="model">240</field>
    </record>
    <record id="lroe_subchapter_pj_240_6_1" model="lroe.chapter">
        <field name="code">6.1</field>
        <field
            name="name"
        >Importes superiores a 6.000 euros percibidos en metálico</field>
        <field name="model">240</field>
        <field name="lroe_chapter_id" ref="lroe_chapter_pj_240_6" />
    </record>
    <record id="lroe_subchapter_pj_240_6_2" model="lroe.chapter">
        <field name="code">6.2</field>
        <field name="name">Operaciones de seguros</field>
        <field name="model">240</field>
        <field name="lroe_chapter_id" ref="lroe_chapter_pj_240_6" />
    </record>
    <record id="lroe_subchapter_pj_240_6_3" model="lroe.chapter">
        <field name="code">6.3</field>
        <field name="name">Agencias de viajes</field>
        <field name="model">240</field>
        <field name="lroe_chapter_id" ref="lroe_chapter_pj_240_6" />
    </record>

    <!-- 140 -->
    <record id="lroe_chapter_pf_140_1" model="lroe.chapter">
        <field name="code">1</field>
        <field name="name">Ingresos y facturas emitidas</field>
        <field name="model">140</field>
    </record>
    <record id="lroe_subchapter_pf_140_1_1" model="lroe.chapter">
        <field name="code">1.1</field>
        <field name="name">Ingresos con facturas emitidas con software garante</field>
        <field name="model">140</field>
        <field name="lroe_chapter_id" ref="lroe_chapter_pf_140_1" />
    </record>
    <record id="lroe_subchapter_pf_140_1_3" model="lroe.chapter">
        <field name="code">1.3</field>
        <field name="name">Ingresos sin factura</field>
        <field name="model">140</field>
        <field name="lroe_chapter_id" ref="lroe_chapter_pf_140_1" />
    </record>

    <record id="lroe_chapter_pf_140_2" model="lroe.chapter">
        <field name="code">2</field>
        <field name="name">Gastos y facturas recibidas</field>
        <field name="model">140</field>
    </record>
    <record id="lroe_subchapter_pf_140_2_1" model="lroe.chapter">
        <field name="code">2.1</field>
        <field name="name">Gastos con factura</field>
        <field name="model">140</field>
        <field name="lroe_chapter_id" ref="lroe_chapter_pf_140_2" />
    </record>
    <record id="lroe_subchapter_pf_140_2_2" model="lroe.chapter">
        <field name="code">2.2</field>
        <field name="name">Gastos sin factura</field>
        <field name="model">140</field>
        <field name="lroe_chapter_id" ref="lroe_chapter_pf_140_2" />
    </record>

    <record id="lroe_chapter_pf_140_3" model="lroe.chapter">
        <field name="code">3</field>
        <field name="name">Bienes afectos o de inversión</field>
        <field name="model">140</field>
    </record>
    <record id="lroe_subchapter_pf_140_3_1" model="lroe.chapter">
        <field name="code">3.1</field>
        <field name="name">Alta de bienes afectos o de inversión</field>
        <field name="model">140</field>
        <field name="lroe_chapter_id" ref="lroe_chapter_pf_140_3" />
    </record>
    <record id="lroe_subchapter_pf_140_3_2" model="lroe.chapter">
        <field name="code">3.2</field>
        <field name="name">Mejora debienes afectos o de inversión</field>
        <field name="model">140</field>
        <field name="lroe_chapter_id" ref="lroe_chapter_pf_140_3" />
    </record>
    <record id="lroe_subchapter_pf_140_3_3" model="lroe.chapter">
        <field name="code">3.3</field>
        <field name="name">Baja de bienes afectos o de inversión</field>
        <field name="model">140</field>
        <field name="lroe_chapter_id" ref="lroe_chapter_pf_140_3" />
    </record>
    <record id="lroe_subchapter_pf_140_3_4" model="lroe.chapter">
        <field name="code">3.4</field>
        <field name="name">Regularización anual de bienes de inversión</field>
        <field name="model">140</field>
        <field name="lroe_chapter_id" ref="lroe_chapter_pf_140_3" />
    </record>

    <record id="lroe_chapter_pf_140_4" model="lroe.chapter">
        <field name="code">4</field>
        <field name="name">Determinadas operaciones intracomunitarias</field>
        <field name="model">140</field>
    </record>
    <record id="lroe_subchapter_pf_140_4_1" model="lroe.chapter">
        <field name="code">4.1</field>
        <field
            name="name"
        >Transferencias intracomunitarias, informes periciales y otros trabajos</field>
        <field name="model">140</field>
        <field name="lroe_chapter_id" ref="lroe_chapter_pf_140_4" />
    </record>
    <record id="lroe_subchapter_pf_140_4_2" model="lroe.chapter">
        <field name="code">4.2</field>
        <field name="name">Ventas de bienes en consigna</field>
        <field name="model">140</field>
        <field name="lroe_chapter_id" ref="lroe_chapter_pf_140_4" />
    </record>

    <record id="lroe_chapter_pf_140_5" model="lroe.chapter">
        <field name="code">5</field>
        <field name="name">Criterio de caja / Criterio de cobros y pagos</field>
        <field name="model">140</field>
    </record>
    <record id="lroe_subchapter_pf_140_5_1" model="lroe.chapter">
        <field name="code">5.1</field>
        <field name="name">Cobros</field>
        <field name="model">140</field>
        <field name="lroe_chapter_id" ref="lroe_chapter_pf_140_5" />
    </record>
    <record id="lroe_subchapter_pf_140_5_2" model="lroe.chapter">
        <field name="code">5.2</field>
        <field name="name">Pagos</field>
        <field name="model">140</field>
        <field name="lroe_chapter_id" ref="lroe_chapter_pf_140_5" />
    </record>

    <record id="lroe_chapter_pf_140_6" model="lroe.chapter">
        <field name="code">6</field>
        <field name="name">Provisiones y suplidos</field>
        <field name="model">140</field>
    </record>

    <record id="lroe_chapter_pf_140_7" model="lroe.chapter">
        <field name="code">7</field>
        <field name="name">Otra información con trascendencia tributaria</field>
        <field name="model">140</field>
    </record>
    <record id="lroe_subchapter_pf_140_7_1" model="lroe.chapter">
        <field name="code">7.1</field>
        <field name="name">Variación de existencias</field>
        <field name="model">140</field>
        <field name="lroe_chapter_id" ref="lroe_chapter_pf_140_7" />
    </record>
    <record id="lroe_subchapter_pf_140_7_2" model="lroe.chapter">
        <field name="code">7.2</field>
        <field name="name">Arrendamientos de locales de negocios</field>
        <field name="model">140</field>
        <field name="lroe_chapter_id" ref="lroe_chapter_pf_140_7" />
    </record>
    <record id="lroe_subchapter_pf_140_7_3" model="lroe.chapter">
        <field name="code">7.3</field>
        <field name="name">Transmisiones de inmuebles sujetas a IVA</field>
        <field name="model">140</field>
        <field name="lroe_chapter_id" ref="lroe_chapter_pf_140_7" />
    </record>
    <record id="lroe_subchapter_pf_140_7_4" model="lroe.chapter">
        <field name="code">7.4</field>
        <field
            name="name"
        >Importes superiores a 6.000 euros percibidos en metálico</field>
        <field name="model">140</field>
        <field name="lroe_chapter_id" ref="lroe_chapter_pf_140_7" />
    </record>

    <record id="lroe_chapter_pf_140_8" model="lroe.chapter">
        <field name="code">8</field>
        <field name="name">Agrupaciones de bienes</field>
        <field name="model">140</field>
    </record>
    <record id="lroe_subchapter_pf_140_8_1" model="lroe.chapter">
        <field name="code">8.1</field>
        <field name="name">Alta de agrupaciones de bienes</field>
        <field name="model">140</field>
        <field name="lroe_chapter_id" ref="lroe_chapter_pf_140_8" />
    </record>
    <record id="lroe_subchapter_pf_140_8_2" model="lroe.chapter">
        <field name="code">8.2</field>
        <field name="name">Baja de agrupaciones de bienes</field>
        <field name="model">140</field>
        <field name="lroe_chapter_id" ref="lroe_chapter_pf_140_8" />
    </record>

</odoo>
